<?xml version="1.0" encoding="UTF-8"?>
<PayloadInfo version="3.0.122.0" md5="b284fdb156c4334b3acc8cc86c6e898a"><BuildInfo>
    <Property name="Created">2011-04-07 07:59:10.520000</Property>
    <Property name="TargetName">AdobePhotoshop12-uk_UA_x64-070411075910</Property>
    <Property name="ProcessorFamily">x64</Property>
  </BuildInfo><InstallerProperties>
    <Property name="payloadType">SQLite</Property>
    <Property name="AdobeCode">{E93791AE-F1E8-4875-A286-63F408C67CB0}</Property>
    <Property name="ProductName">Adobe Photoshop CS5 Ukranian Language Pack_x64</Property>
    <Property name="ProductVersion">12.0.4</Property>
  </InstallerProperties><Languages languageIndependent="1"/><Satisfies>
    <ProductInfo>
      <Family>Photoshop</Family>
      <ProductName>Adobe Photoshop CS5 Ukranian Language Pack_x64_12.0.4_AdobePhotoshop12-uk_UA_x64</ProductName>
      <ProductVersion>12.0.4</ProductVersion>
    </ProductInfo>
  </Satisfies><AddRemoveInfo>
    <DisplayVersion>
      <Value lang="sq_AL">12.0.4</Value>
      <Value lang="ar_AE">12.0.4</Value>
      <Value lang="be_BY">12.0.4</Value>
      <Value lang="bg_BG">12.0.4</Value>
      <Value lang="ca_ES">12.0.4</Value>
      <Value lang="zh_CN">12.0.4</Value>
      <Value lang="zh_TW">12.0.4</Value>
      <Value lang="hr_HR">12.0.4</Value>
      <Value lang="cs_CZ">12.0.4</Value>
      <Value lang="da_DK">12.0.4</Value>
      <Value lang="nl_NL">12.0.4</Value>
      <Value lang="en_XC">12.0.4</Value>
      <Value lang="en_XM">12.0.4</Value>
      <Value lang="en_GB">12.0.4</Value>
      <Value lang="en_US">12.0.4</Value>
      <Value lang="et_EE">12.0.4</Value>
      <Value lang="fi_FI">12.0.4</Value>
      <Value lang="fr_FR">12.0.4</Value>
      <Value lang="fr_XM">12.0.4</Value>
      <Value lang="de_DE">12.0.4</Value>
      <Value lang="el_GR">12.0.4</Value>
      <Value lang="he_IL">12.0.4</Value>
      <Value lang="hu_HU">12.0.4</Value>
      <Value lang="hi_IN">12.0.4</Value>
      <Value lang="is_IS">12.0.4</Value>
      <Value lang="it_IT">12.0.4</Value>
      <Value lang="ja_JP">12.0.4</Value>
      <Value lang="ko_KR">12.0.4</Value>
      <Value lang="lv_LV">12.0.4</Value>
      <Value lang="lt_LT">12.0.4</Value>
      <Value lang="mk_MK">12.0.4</Value>
      <Value lang="nn_NO">12.0.4</Value>
      <Value lang="no_NO">12.0.4</Value>
      <Value lang="nb_NO">12.0.4</Value>
      <Value lang="pl_PL">12.0.4</Value>
      <Value lang="pt_BR">12.0.4</Value>
      <Value lang="ro_RO">12.0.4</Value>
      <Value lang="ru_RU">12.0.4</Value>
      <Value lang="sh_YU">12.0.4</Value>
      <Value lang="sk_SK">12.0.4</Value>
      <Value lang="sl_SI">12.0.4</Value>
      <Value lang="es_QM">12.0.4</Value>
      <Value lang="es_ES">12.0.4</Value>
      <Value lang="sv_SE">12.0.4</Value>
      <Value lang="th_TH">12.0.4</Value>
      <Value lang="tr_TR">12.0.4</Value>
      <Value lang="uk_UA">12.0.4</Value>
      <Value lang="vi_VN">12.0.4</Value>
      <Value lang="fr_CA">12.0.4</Value>
      <Value lang="es_MX">12.0.4</Value>
    </DisplayVersion>
    <DisplayName>
      <Value lang="sq_AL">Adobe Photoshop CS5 Ukranian Language Pack_x64</Value>
      <Value lang="ar_AE">Adobe Photoshop CS5 Ukranian Language Pack_x64</Value>
      <Value lang="be_BY">Adobe Photoshop CS5 Ukranian Language Pack_x64</Value>
      <Value lang="bg_BG">Adobe Photoshop CS5 Ukranian Language Pack_x64</Value>
      <Value lang="ca_ES">Adobe Photoshop CS5 Ukranian Language Pack_x64</Value>
      <Value lang="zh_CN">Adobe Photoshop CS5 Ukranian Language Pack_x64</Value>
      <Value lang="zh_TW">Adobe Photoshop CS5 Ukranian Language Pack_x64</Value>
      <Value lang="hr_HR">Adobe Photoshop CS5 Ukranian Language Pack_x64</Value>
      <Value lang="cs_CZ">Adobe Photoshop CS5 Ukranian Language Pack_x64</Value>
      <Value lang="da_DK">Adobe Photoshop CS5 Ukranian Language Pack_x64</Value>
      <Value lang="nl_NL">Adobe Photoshop CS5 Ukranian Language Pack_x64</Value>
      <Value lang="en_XC">Adobe Photoshop CS5 Ukranian Language Pack_x64</Value>
      <Value lang="en_XM">Adobe Photoshop CS5 Ukranian Language Pack_x64</Value>
      <Value lang="en_GB">Adobe Photoshop CS5 Ukranian Language Pack_x64</Value>
      <Value lang="en_US">Adobe Photoshop CS5 Ukranian Language Pack_x64</Value>
      <Value lang="et_EE">Adobe Photoshop CS5 Ukranian Language Pack_x64</Value>
      <Value lang="fi_FI">Adobe Photoshop CS5 Ukranian Language Pack_x64</Value>
      <Value lang="fr_FR">Adobe Photoshop CS5 Ukranian Language Pack_x64</Value>
      <Value lang="fr_XM">Adobe Photoshop CS5 Ukranian Language Pack_x64</Value>
      <Value lang="de_DE">Adobe Photoshop CS5 Ukranian Language Pack_x64</Value>
      <Value lang="el_GR">Adobe Photoshop CS5 Ukranian Language Pack_x64</Value>
      <Value lang="he_IL">Adobe Photoshop CS5 Ukranian Language Pack_x64</Value>
      <Value lang="hu_HU">Adobe Photoshop CS5 Ukranian Language Pack_x64</Value>
      <Value lang="hi_IN">Adobe Photoshop CS5 Ukranian Language Pack_x64</Value>
      <Value lang="is_IS">Adobe Photoshop CS5 Ukranian Language Pack_x64</Value>
      <Value lang="it_IT">Adobe Photoshop CS5 Ukranian Language Pack_x64</Value>
      <Value lang="ja_JP">Adobe Photoshop CS5 Ukranian Language Pack_x64</Value>
      <Value lang="ko_KR">Adobe Photoshop CS5 Ukranian Language Pack_x64</Value>
      <Value lang="lv_LV">Adobe Photoshop CS5 Ukranian Language Pack_x64</Value>
      <Value lang="lt_LT">Adobe Photoshop CS5 Ukranian Language Pack_x64</Value>
      <Value lang="mk_MK">Adobe Photoshop CS5 Ukranian Language Pack_x64</Value>
      <Value lang="nn_NO">Adobe Photoshop CS5 Ukranian Language Pack_x64</Value>
      <Value lang="no_NO">Adobe Photoshop CS5 Ukranian Language Pack_x64</Value>
      <Value lang="nb_NO">Adobe Photoshop CS5 Ukranian Language Pack_x64</Value>
      <Value lang="pl_PL">Adobe Photoshop CS5 Ukranian Language Pack_x64</Value>
      <Value lang="pt_BR">Adobe Photoshop CS5 Ukranian Language Pack_x64</Value>
      <Value lang="ro_RO">Adobe Photoshop CS5 Ukranian Language Pack_x64</Value>
      <Value lang="ru_RU">Adobe Photoshop CS5 Ukranian Language Pack_x64</Value>
      <Value lang="sh_YU">Adobe Photoshop CS5 Ukranian Language Pack_x64</Value>
      <Value lang="sk_SK">Adobe Photoshop CS5 Ukranian Language Pack_x64</Value>
      <Value lang="sl_SI">Adobe Photoshop CS5 Ukranian Language Pack_x64</Value>
      <Value lang="es_QM">Adobe Photoshop CS5 Ukranian Language Pack_x64</Value>
      <Value lang="es_ES">Adobe Photoshop CS5 Ukranian Language Pack_x64</Value>
      <Value lang="sv_SE">Adobe Photoshop CS5 Ukranian Language Pack_x64</Value>
      <Value lang="th_TH">Adobe Photoshop CS5 Ukranian Language Pack_x64</Value>
      <Value lang="tr_TR">Adobe Photoshop CS5 Ukranian Language Pack_x64</Value>
      <Value lang="uk_UA">Adobe Photoshop CS5 Ukranian Language Pack_x64</Value>
      <Value lang="vi_VN">Adobe Photoshop CS5 Ukranian Language Pack_x64</Value>
      <Value lang="fr_CA">Adobe Photoshop CS5 Ukranian Language Pack_x64</Value>
      <Value lang="es_MX">Adobe Photoshop CS5 Ukranian Language Pack_x64</Value>
    </DisplayName>
  </AddRemoveInfo></PayloadInfo>