<?xml version="1.0" encoding="utf-8"?><Setup version="3.0.122.0">
  <mediaSignature>{D6A4C9B1-5AE2-4118-AD9D-24313C79F2B6}</mediaSignature>
  
<Languages/><Media><Volume><Name>Photoshop CS5</Name><Payloads><Payload folder="AdobePhotoshop12-Core-070411080209">Adobe CS5</Payload><Payload folder="AdobePhotoshop12-Core_x64-070411080543">Adobe CS5</Payload><Payload folder="AdobePhotoshop12-cs_CZ-070411074739">Adobe CS5</Payload><Payload folder="AdobePhotoshop12-cs_CZ_x64-070411074839">Adobe CS5</Payload><Payload folder="AdobePhotoshop12-de_DE-070411073100">Adobe CS5</Payload><Payload folder="AdobePhotoshop12-de_DE_x64-070411073202">Adobe CS5</Payload><Payload folder="AdobePhotoshop12-en_GB-070411072043">Adobe CS5</Payload><Payload folder="AdobePhotoshop12-en_GB_x64-070411072148">Adobe CS5</Payload><Payload folder="AdobePhotoshop12-es_ES-070411074532">Adobe CS5</Payload><Payload folder="AdobePhotoshop12-es_ES_x64-070411074635">Adobe CS5</Payload><Payload folder="AdobePhotoshop12-es_MX-070411074327">Adobe CS5</Payload><Payload folder="AdobePhotoshop12-es_MX_x64-070411074429">Adobe CS5</Payload><Payload folder="AdobePhotoshop12-fr_CA-070411074122">Adobe CS5</Payload><Payload folder="AdobePhotoshop12-fr_CA_x64-070411074223">Adobe CS5</Payload><Payload folder="AdobePhotoshop12-fr_FR-070411073920">Adobe CS5</Payload><Payload folder="AdobePhotoshop12-fr_FR_x64-070411074022">Adobe CS5</Payload><Payload folder="AdobePhotoshop12-hu_HU-070411080014">Adobe CS5</Payload><Payload folder="AdobePhotoshop12-hu_HU_x64-070411080118">Adobe CS5</Payload><Payload folder="AdobePhotoshop12-it_IT-070411073304">Adobe CS5</Payload><Payload folder="AdobePhotoshop12-it_IT_x64-070411073406">Adobe CS5</Payload><Payload folder="AdobePhotoshop12-ja_JP-070411072253">Adobe CS5</Payload><Payload folder="AdobePhotoshop12-ja_JP_x64-070411072354">Adobe CS5</Payload><Payload folder="AdobePhotoshop12-ko_KR-070411072455">Adobe CS5</Payload><Payload folder="AdobePhotoshop12-ko_KR_x64-070411072558">Adobe CS5</Payload><Payload folder="AdobePhotoshop12-nl_NL-070411073718">Adobe CS5</Payload><Payload folder="AdobePhotoshop12-nl_NL_x64-070411073819">Adobe CS5</Payload><Payload folder="AdobePhotoshop12-pl_PL-070411074942">Adobe CS5</Payload><Payload folder="AdobePhotoshop12-pl_PL_x64-070411075043">Adobe CS5</Payload><Payload folder="AdobePhotoshop12-pt_BR-070411073512">Adobe CS5</Payload><Payload folder="AdobePhotoshop12-pt_BR_x64-070411073617">Adobe CS5</Payload><Payload folder="AdobePhotoshop12-ro_RO-070411075601">Adobe CS5</Payload><Payload folder="AdobePhotoshop12-ro_RO_x64-070411075705">Adobe CS5</Payload><Payload folder="AdobePhotoshop12-ru_RU-070411075355">Adobe CS5</Payload><Payload folder="AdobePhotoshop12-ru_RU_x64-070411075458">Adobe CS5</Payload><Payload folder="AdobePhotoshop12-Support-070411081004">Adobe CS5</Payload><Payload folder="AdobePhotoshop12-tr_TR-070411075147">Adobe CS5</Payload><Payload folder="AdobePhotoshop12-tr_TR_x64-070411075252">Adobe CS5</Payload><Payload folder="AdobePhotoshop12-uk_UA-070411075809">Adobe CS5</Payload><Payload folder="AdobePhotoshop12-uk_UA_x64-070411075910">Adobe CS5</Payload><Payload folder="AdobePhotoshop12-zh_CN-070411072859">Adobe CS5</Payload><Payload folder="AdobePhotoshop12-zh_CN_x64-070411073002">Adobe CS5</Payload><Payload folder="AdobePhotoshop12-zh_TW-070411072701">Adobe CS5</Payload><Payload folder="AdobePhotoshop12-zh_TW_x64-070411072800">Adobe CS5</Payload></Payloads></Volume></Media></Setup>