<?xml version="1.0" encoding="utf-8"?><Manifest CSUVersion="1.0" xmlns:xsi="http://www.w3.org/2001/XMLSchema-instance" xsi:noNamespaceSchemaLocation="CSUManifest.xsd">
	<UpdateID>12.0.4</UpdateID>
	<OwningChannel><!-- Channel ID which owns this update -->AdobePhotoshopCS5Support-12.0</OwningChannel>
	<DisplayName default="en_US">
		<en_US>Photoshop 12.0.4</en_US>
	</DisplayName>
	<Description default="en_US">
		<en_US>The Photoshop 12.0.4 update addresses a number of issues discovered after Adobe Photoshop CS5 and Photoshop CS5 Extended (12.0) software were released.</en_US>
	</Description>
	<AffectedChannels>
		<ChannelID>AdobePhotoshopCS5Support-12.0</ChannelID>
	</AffectedChannels>
	<RequiredChannels>
	</RequiredChannels>
	<Notify>1</Notify>
	<InstallFiles>
	</InstallFiles>
	<NeedsReboot>false</NeedsReboot>
</Manifest>